{
  "n": 71237,
  "n_bonafide": 7355,
  "n_spoof": 63882,
  "eer_pct": 0.14600413308775126,
  "eer_threshold": 0.0186,
  "accuracy_pct": 99.76978255681739,
  "fp_rate_pct": 0.10876954452753229,
  "fn_rate_pct": 0.2442002442002442,
  "per_attack": {
    "A07": {
      "n": 4914,
      "correct": 4914,
      "acc_pct": 100.0
    },
    "A08": {
      "n": 4914,
      "correct": 4914,
      "acc_pct": 100.0
    },
    "A09": {
      "n": 4914,
      "correct": 4914,
      "acc_pct": 100.0
    },
    "A10": {
      "n": 4914,
      "correct": 4841,
      "acc_pct": 98.51444851444852
    },
    "A11": {
      "n": 4914,
      "correct": 4884,
      "acc_pct": 99.38949938949939
    },
    "A12": {
      "n": 4914,
      "correct": 4913,
      "acc_pct": 99.97964997964998
    },
    "A13": {
      "n": 4914,
      "correct": 4914,
      "acc_pct": 100.0
    },
    "A14": {
      "n": 4914,
      "correct": 4914,
      "acc_pct": 100.0
    },
    "A15": {
      "n": 4914,
      "correct": 4914,
      "acc_pct": 100.0
    },
    "A16": {
      "n": 4914,
      "correct": 4914,
      "acc_pct": 100.0
    },
    "A17": {
      "n": 4914,
      "correct": 4897,
      "acc_pct": 99.65404965404966
    },
    "A18": {
      "n": 4914,
      "correct": 4900,
      "acc_pct": 99.71509971509973
    },
    "A19": {
      "n": 4914,
      "correct": 4893,
      "acc_pct": 99.57264957264957
    }
  }
}